Year,SERIES,UNIT_MEASURE,Value
2000,Zvanični grantovi za razvojnu pomoć za smanjenje siromaštva po zemljama primateljima (postotak BND-a),Postotak,0.50427
2001,Zvanični grantovi za razvojnu pomoć za smanjenje siromaštva po zemljama primateljima (postotak BND-a),Postotak,0.93125
2002,Zvanični grantovi za razvojnu pomoć za smanjenje siromaštva po zemljama primateljima (postotak BND-a),Postotak,0.13714
2003,Zvanični grantovi za razvojnu pomoć za smanjenje siromaštva po zemljama primateljima (postotak BND-a),Postotak,0.25945999999999997
2004,Zvanični grantovi za razvojnu pomoć za smanjenje siromaštva po zemljama primateljima (postotak BND-a),Postotak,0.23321
2005,Zvanični grantovi za razvojnu pomoć za smanjenje siromaštva po zemljama primateljima (postotak BND-a),Postotak,0.1206
2006,Zvanični grantovi za razvojnu pomoć za smanjenje siromaštva po zemljama primateljima (postotak BND-a),Postotak,0.14395
2007,Zvanični grantovi za razvojnu pomoć za smanjenje siromaštva po zemljama primateljima (postotak BND-a),Postotak,0.10574000000000001
2008,Zvanični grantovi za razvojnu pomoć za smanjenje siromaštva po zemljama primateljima (postotak BND-a),Postotak,0.0942
2009,Zvanični grantovi za razvojnu pomoć za smanjenje siromaštva po zemljama primateljima (postotak BND-a),Postotak,0.06307
2010,Zvanični grantovi za razvojnu pomoć za smanjenje siromaštva po zemljama primateljima (postotak BND-a),Postotak,0.14942
2011,Zvanični grantovi za razvojnu pomoć za smanjenje siromaštva po zemljama primateljima (postotak BND-a),Postotak,0.18137999999999999
2012,Zvanični grantovi za razvojnu pomoć za smanjenje siromaštva po zemljama primateljima (postotak BND-a),Postotak,0.27539
2013,Zvanični grantovi za razvojnu pomoć za smanjenje siromaštva po zemljama primateljima (postotak BND-a),Postotak,0.16629000000000002
2014,Zvanični grantovi za razvojnu pomoć za smanjenje siromaštva po zemljama primateljima (postotak BND-a),Postotak,0.09827000000000001
2015,Zvanični grantovi za razvojnu pomoć za smanjenje siromaštva po zemljama primateljima (postotak BND-a),Postotak,0.26383
2016,Zvanični grantovi za razvojnu pomoć za smanjenje siromaštva po zemljama primateljima (postotak BND-a),Postotak,0.16277
2017,Zvanični grantovi za razvojnu pomoć za smanjenje siromaštva po zemljama primateljima (postotak BND-a),Postotak,0.13437000000000002
2018,Zvanični grantovi za razvojnu pomoć za smanjenje siromaštva po zemljama primateljima (postotak BND-a),Postotak,0.07866000000000001
