Year,SERIES,UNIT_MEASURE,Value
2000,Prosječan udio pokrivenih ključnih područja slatkovodne biološke raznolikosti prema zaštićenim područjima,Postotak,0.0
2001,Prosječan udio pokrivenih ključnih područja slatkovodne biološke raznolikosti prema zaštićenim područjima,Postotak,0.0
2002,Prosječan udio pokrivenih ključnih područja slatkovodne biološke raznolikosti prema zaštićenim područjima,Postotak,0.0
2003,Prosječan udio pokrivenih ključnih područja slatkovodne biološke raznolikosti prema zaštićenim područjima,Postotak,0.0
2004,Prosječan udio pokrivenih ključnih područja slatkovodne biološke raznolikosti prema zaštićenim područjima,Postotak,0.0
2005,Prosječan udio pokrivenih ključnih područja slatkovodne biološke raznolikosti prema zaštićenim područjima,Postotak,0.0
2006,Prosječan udio pokrivenih ključnih područja slatkovodne biološke raznolikosti prema zaštićenim područjima,Postotak,0.0
2007,Prosječan udio pokrivenih ključnih područja slatkovodne biološke raznolikosti prema zaštićenim područjima,Postotak,33.33333
2008,Prosječan udio pokrivenih ključnih područja slatkovodne biološke raznolikosti prema zaštićenim područjima,Postotak,66.66666
2009,Prosječan udio pokrivenih ključnih područja slatkovodne biološke raznolikosti prema zaštićenim područjima,Postotak,66.66666
2010,Prosječan udio pokrivenih ključnih područja slatkovodne biološke raznolikosti prema zaštićenim područjima,Postotak,66.66666
2011,Prosječan udio pokrivenih ključnih područja slatkovodne biološke raznolikosti prema zaštićenim područjima,Postotak,66.66666
2012,Prosječan udio pokrivenih ključnih područja slatkovodne biološke raznolikosti prema zaštićenim područjima,Postotak,66.66666
2013,Prosječan udio pokrivenih ključnih područja slatkovodne biološke raznolikosti prema zaštićenim područjima,Postotak,66.66666
2014,Prosječan udio pokrivenih ključnih područja slatkovodne biološke raznolikosti prema zaštićenim područjima,Postotak,66.66666
2015,Prosječan udio pokrivenih ključnih područja slatkovodne biološke raznolikosti prema zaštićenim područjima,Postotak,66.66666
2016,Prosječan udio pokrivenih ključnih područja slatkovodne biološke raznolikosti prema zaštićenim područjima,Postotak,66.66666
2017,Prosječan udio pokrivenih ključnih područja slatkovodne biološke raznolikosti prema zaštićenim područjima,Postotak,66.66666
2018,Prosječan udio pokrivenih ključnih područja slatkovodne biološke raznolikosti prema zaštićenim područjima,Postotak,66.66666
2019,Prosječan udio pokrivenih ključnih područja slatkovodne biološke raznolikosti prema zaštićenim područjima,Postotak,66.66666
2000,Prosječan udio pokrivenih ključnih područja slatkovodne biološke raznolikosti prema zaštićenim područjima,Postotak,0.0
2001,Prosječan udio pokrivenih ključnih područja slatkovodne biološke raznolikosti prema zaštićenim područjima,Postotak,0.0
2002,Prosječan udio pokrivenih ključnih područja slatkovodne biološke raznolikosti prema zaštićenim područjima,Postotak,0.0
2003,Prosječan udio pokrivenih ključnih područja slatkovodne biološke raznolikosti prema zaštićenim područjima,Postotak,0.0
2004,Prosječan udio pokrivenih ključnih područja slatkovodne biološke raznolikosti prema zaštićenim područjima,Postotak,0.0
2005,Prosječan udio pokrivenih ključnih područja slatkovodne biološke raznolikosti prema zaštićenim područjima,Postotak,0.0
2006,Prosječan udio pokrivenih ključnih područja slatkovodne biološke raznolikosti prema zaštićenim područjima,Postotak,0.0
2007,Prosječan udio pokrivenih ključnih područja slatkovodne biološke raznolikosti prema zaštićenim područjima,Postotak,9.090910000000001
2008,Prosječan udio pokrivenih ključnih područja slatkovodne biološke raznolikosti prema zaštićenim područjima,Postotak,18.181820000000002
2009,Prosječan udio pokrivenih ključnih područja slatkovodne biološke raznolikosti prema zaštićenim područjima,Postotak,18.181820000000002
2010,Prosječan udio pokrivenih ključnih područja slatkovodne biološke raznolikosti prema zaštićenim područjima,Postotak,18.181820000000002
2011,Prosječan udio pokrivenih ključnih područja slatkovodne biološke raznolikosti prema zaštićenim područjima,Postotak,18.181820000000002
2012,Prosječan udio pokrivenih ključnih područja slatkovodne biološke raznolikosti prema zaštićenim područjima,Postotak,18.181820000000002
2013,Prosječan udio pokrivenih ključnih područja slatkovodne biološke raznolikosti prema zaštićenim područjima,Postotak,18.181820000000002
2014,Prosječan udio pokrivenih ključnih područja slatkovodne biološke raznolikosti prema zaštićenim područjima,Postotak,18.181820000000002
2015,Prosječan udio pokrivenih ključnih područja slatkovodne biološke raznolikosti prema zaštićenim područjima,Postotak,18.181820000000002
2016,Prosječan udio pokrivenih ključnih područja slatkovodne biološke raznolikosti prema zaštićenim područjima,Postotak,18.181820000000002
2017,Prosječan udio pokrivenih ključnih područja slatkovodne biološke raznolikosti prema zaštićenim područjima,Postotak,18.181820000000002
2018,Prosječan udio pokrivenih ključnih područja slatkovodne biološke raznolikosti prema zaštićenim područjima,Postotak,18.181820000000002
2019,Prosječan udio pokrivenih ključnih područja slatkovodne biološke raznolikosti prema zaštićenim područjima,Postotak,18.181820000000002
