Year,SERIES,UNIT_MEASURE,Value
2018,Opseg uporabe državnih okvira rezultata i alata za planiranje od strane pružatelja razvojne suradnje - podaci prema primatelju (%),Postotak,33.8574563463529
2018,Udio novih razvojnih intervencija izvučenih iz okvira rezultata koje vode zemlje - podaci prema primatelju,Postotak,53.42465639114371
2018,Udio pokazatelja rezultata izvučenih iz okvira rezultata koje vode zemlje - podaci prema primatelju (%),Postotak,22.897727787494603
2018,Udio pokazatelja rezultata koji će se pratiti pomoću državnih izvora i sustava praćenja - podaci po primatelju (%),Postotak,25.2499848604202
