Year,SERIES,UNIT_MEASURE,Godine,Value
2000,Djeca umjereno ili teško zaostala u razvitku (broj),Tisuće,Ispod 5 godina,28.43425
2006,Djeca umjereno ili teško zaostala u razvitku (broj),Tisuće,Ispod 5 godina,19.49263
2012,Djeca umjereno ili teško zaostala u razvitku (broj),Tisuće,Ispod 5 godina,16.26161
2000,Udio djece umjereno ili ozbiljno zaostale u razvitku,Postotak,Ispod 5 godina,12.12708
2006,Udio djece umjereno ili ozbiljno zaostale u razvitku,Postotak,Ispod 5 godina,11.812999999999999
2012,Udio djece umjereno ili ozbiljno zaostale u razvitku,Postotak,Ispod 5 godina,8.886560000000001
