Year,SERIES,UNIT_MEASURE,Value
2000,"Ukupna zvanična razvojna pomoć (bruto izdaci) za vodoopskrbu i kanalizaciju, prema zemljama primateljima",Američki dolar,19.58084
2001,"Ukupna zvanična razvojna pomoć (bruto izdaci) za vodoopskrbu i kanalizaciju, prema zemljama primateljima",Američki dolar,38.82584
2002,"Ukupna zvanična razvojna pomoć (bruto izdaci) za vodoopskrbu i kanalizaciju, prema zemljama primateljima",Američki dolar,9.64236
2003,"Ukupna zvanična razvojna pomoć (bruto izdaci) za vodoopskrbu i kanalizaciju, prema zemljama primateljima",Američki dolar,13.74311
2004,"Ukupna zvanična razvojna pomoć (bruto izdaci) za vodoopskrbu i kanalizaciju, prema zemljama primateljima",Američki dolar,42.03058
2005,"Ukupna zvanična razvojna pomoć (bruto izdaci) za vodoopskrbu i kanalizaciju, prema zemljama primateljima",Američki dolar,20.24693
2006,"Ukupna zvanična razvojna pomoć (bruto izdaci) za vodoopskrbu i kanalizaciju, prema zemljama primateljima",Američki dolar,15.9279
2007,"Ukupna zvanična razvojna pomoć (bruto izdaci) za vodoopskrbu i kanalizaciju, prema zemljama primateljima",Američki dolar,16.63345
2008,"Ukupna zvanična razvojna pomoć (bruto izdaci) za vodoopskrbu i kanalizaciju, prema zemljama primateljima",Američki dolar,14.332189999999999
2009,"Ukupna zvanična razvojna pomoć (bruto izdaci) za vodoopskrbu i kanalizaciju, prema zemljama primateljima",Američki dolar,17.654629999999997
2010,"Ukupna zvanična razvojna pomoć (bruto izdaci) za vodoopskrbu i kanalizaciju, prema zemljama primateljima",Američki dolar,28.460990000000002
2011,"Ukupna zvanična razvojna pomoć (bruto izdaci) za vodoopskrbu i kanalizaciju, prema zemljama primateljima",Američki dolar,43.36911
2012,"Ukupna zvanična razvojna pomoć (bruto izdaci) za vodoopskrbu i kanalizaciju, prema zemljama primateljima",Američki dolar,43.072140000000005
2013,"Ukupna zvanična razvojna pomoć (bruto izdaci) za vodoopskrbu i kanalizaciju, prema zemljama primateljima",Američki dolar,37.56426
2014,"Ukupna zvanična razvojna pomoć (bruto izdaci) za vodoopskrbu i kanalizaciju, prema zemljama primateljima",Američki dolar,43.50735
2015,"Ukupna zvanična razvojna pomoć (bruto izdaci) za vodoopskrbu i kanalizaciju, prema zemljama primateljima",Američki dolar,69.22511999999999
2016,"Ukupna zvanična razvojna pomoć (bruto izdaci) za vodoopskrbu i kanalizaciju, prema zemljama primateljima",Američki dolar,69.22511999999999
2017,"Ukupna zvanična razvojna pomoć (bruto izdaci) za vodoopskrbu i kanalizaciju, prema zemljama primateljima",Američki dolar,49.60147
2018,"Ukupna zvanična razvojna pomoć (bruto izdaci) za vodoopskrbu i kanalizaciju, prema zemljama primateljima",Američki dolar,16.604770000000002
