Year,SERIES,UNIT_MEASURE,Value
2000,Ликвидна имовина на краткорочним обавезама (%),Проценат,54.049403667562295
2001,Ликвидна имовина на краткорочним обавезама (%),Проценат,65.07871304080629
2002,Ликвидна имовина на краткорочним обавезама (%),Проценат,51.5190348825523
2003,Ликвидна имовина на краткорочним обавезама (%),Проценат,58.7375213456581
2004,Ликвидна имовина на краткорочним обавезама (%),Проценат,59.5254449010301
2005,Ликвидна имовина на краткорочним обавезама (%),Проценат,61.912742893894
2006,Ликвидна имовина на краткорочним обавезама (%),Проценат,60.7730615475189
2007,Ликвидна имовина на краткорочним обавезама (%),Проценат,61.284708589615796
2008,Ликвидна имовина на краткорочним обавезама (%),Проценат,51.800986165646705
2009,Ликвидна имовина на краткорочним обавезама (%),Проценат,52.8860411982102
2010,Ликвидна имовина на краткорочним обавезама (%),Проценат,49.707368149003706
2011,Ликвидна имовина на краткорочним обавезама (%),Проценат,46.670917605577095
2012,Ликвидна имовина на краткорочним обавезама (%),Проценат,44.053109343285
2013,Ликвидна имовина на краткорочним обавезама (%),Проценат,46.22966161950829
2014,Ликвидна имовина на краткорочним обавезама (%),Проценат,46.138343168112705
2015,Ликвидна имовина на краткорочним обавезама (%),Проценат,44.03978050924629
2016,Ликвидна имовина на краткорочним обавезама (%),Проценат,44.0938567313618
2017,Ликвидна имовина на краткорочним обавезама (%),Проценат,44.309757521127395
2018,Ликвидна имовина на краткорочним обавезама (%),Проценат,44.6595444498472
2000,Нето отворена позиција у девизама до капитала (%),Проценат,0.0
2001,Нето отворена позиција у девизама до капитала (%),Проценат,0.0
2002,Нето отворена позиција у девизама до капитала (%),Проценат,0.0
2003,Нето отворена позиција у девизама до капитала (%),Проценат,42.1821411110154
2004,Нето отворена позиција у девизама до капитала (%),Проценат,11.555883494208699
2005,Нето отворена позиција у девизама до капитала (%),Проценат,8.28096322435092
2006,Нето отворена позиција у девизама до капитала (%),Проценат,8.86905149119733
2007,Нето отворена позиција у девизама до капитала (%),Проценат,5.89756294023394
2008,Нето отворена позиција у девизама до капитала (%),Проценат,6.2230590329163595
2009,Нето отворена позиција у девизама до капитала (%),Проценат,1.6983681988869501
2010,Нето отворена позиција у девизама до капитала (%),Проценат,4.36946617542722
2011,Нето отворена позиција у девизама до капитала (%),Проценат,15.985010797193901
2012,Нето отворена позиција у девизама до капитала (%),Проценат,5.34710950449262
2013,Нето отворена позиција у девизама до капитала (%),Проценат,6.69157732243825
2014,Нето отворена позиција у девизама до капитала (%),Проценат,10.232227266882
2015,Нето отворена позиција у девизама до капитала (%),Проценат,8.970821380820508
2016,Нето отворена позиција у девизама до капитала (%),Проценат,1.6966661563472802
2017,Нето отворена позиција у девизама до капитала (%),Проценат,-0.22757156549238197
2018,Нето отворена позиција у девизама до капитала (%),Проценат,2.2410250402879797
2000,Нето кредити одређени за капитал који се не изводе (%),Проценат,32.4693389054788
2001,Нето кредити одређени за капитал који се не изводе (%),Проценат,37.6090647205685
2002,Нето кредити одређени за капитал који се не изводе (%),Проценат,27.514714500471396
2003,Нето кредити одређени за капитал који се не изводе (%),Проценат,25.200873982285
2004,Нето кредити одређени за капитал који се не изводе (%),Проценат,19.494333340705303
2005,Нето кредити одређени за капитал који се не изводе (%),Проценат,20.415840577499896
2006,Нето кредити одређени за капитал који се не изводе (%),Проценат,15.3083015592223
2007,Нето кредити одређени за капитал који се не изводе (%),Проценат,12.9598497952939
2008,Нето кредити одређени за капитал који се не изводе (%),Проценат,13.8901872212992
2009,Нето кредити одређени за капитал који се не изводе (%),Проценат,25.464485699359102
2010,Нето кредити одређени за капитал који се не изводе (%),Проценат,42.009689201385996
2011,Нето кредити одређени за капитал који се не изводе (%),Проценат,25.9173608461831
2012,Нето кредити одређени за капитал који се не изводе (%),Проценат,30.0463912520826
2013,Нето кредити одређени за капитал који се не изводе (%),Проценат,30.9744996912242
2014,Нето кредити одређени за капитал који се не изводе (%),Проценат,27.922027925918602
2015,Нето кредити одређени за капитал који се не изводе (%),Проценат,26.8841920515272
2016,Нето кредити одређени за капитал који се не изводе (%),Проценат,18.4798679001815
2017,Нето кредити одређени за капитал који се не изводе (%),Проценат,14.3545245961634
2018,Нето кредити одређени за капитал који се не изводе (%),Проценат,12.1460435458492
2000,Кредити у укупним бруто кредитима који се не изводе (%),Проценат,21.215964833505
2001,Кредити у укупним бруто кредитима који се не изводе (%),Проценат,17.9071007297324
2002,Кредити у укупним бруто кредитима који се не изводе (%),Проценат,11.017219625819399
2003,Кредити у укупним бруто кредитима који се не изводе (%),Проценат,8.38582572565641
2004,Кредити у укупним бруто кредитима који се не изводе (%),Проценат,6.07354427319199
2005,Кредити у укупним бруто кредитима који се не изводе (%),Проценат,5.27605366757593
2006,Кредити у укупним бруто кредитима који се не изводе (%),Проценат,3.9987615025115497
2007,Кредити у укупним бруто кредитима који се не изводе (%),Проценат,3.01859191826486
2008,Кредити у укупним бруто кредитима који се не изводе (%),Проценат,3.0912079422106498
2009,Кредити у укупним бруто кредитима који се не изводе (%),Проценат,5.871207251876299
2010,Кредити у укупним бруто кредитима који се не изводе (%),Проценат,11.421782175376
2011,Кредити у укупним бруто кредитима који се не изводе (%),Проценат,11.7997140822193
2012,Кредити у укупним бруто кредитима који се не изводе (%),Проценат,13.4656882284517
2013,Кредити у укупним бруто кредитима који се не изводе (%),Проценат,15.1198478740683
2014,Кредити у укупним бруто кредитима који се не изводе (%),Проценат,14.1653123764986
2015,Кредити у укупним бруто кредитима који се не изводе (%),Проценат,13.7084158662801
2016,Кредити у укупним бруто кредитима који се не изводе (%),Проценат,11.777719084596301
2017,Кредити у укупним бруто кредитима који се не изводе (%),Проценат,10.046275152463199
2018,Кредити у укупним бруто кредитима који се не изводе (%),Проценат,8.770335479676572
2000,Регулаторни 1 ниво капитала за имовину пондерирану ризиком (%),Проценат,26.4758691558612
2001,Регулаторни 1 ниво капитала за имовину пондерирану ризиком (%),Проценат,22.3586710421588
2002,Регулаторни 1 ниво капитала за имовину пондерирану ризиком (%),Проценат,18.2029212704059
2003,Регулаторни 1 ниво капитала за имовину пондерирану ризиком (%),Проценат,15.9222609694411
2004,Регулаторни 1 ниво капитала за имовину пондерирану ризиком (%),Проценат,14.9250443993237
2005,Регулаторни 1 ниво капитала за имовину пондерирану ризиком (%),Проценат,13.6714789097788
2006,Регулаторни 1 ниво капитала за имовину пондерирану ризиком (%),Проценат,13.617048392226401
2007,Регулаторни 1 ниво капитала за имовину пондерирану ризиком (%),Проценат,12.5972463295307
2008,Регулаторни 1 ниво капитала за имовину пондерирану ризиком (%),Проценат,12.0085239404031
2009,Регулаторни 1 ниво капитала за имовину пондерирану ризиком (%),Проценат,12.3948490369898
2010,Регулаторни 1 ниво капитала за имовину пондерирану ризиком (%),Проценат,12.640142484609699
2011,Регулаторни 1 ниво капитала за имовину пондерирану ризиком (%),Проценат,13.5692695579269
2012,Регулаторни 1 ниво капитала за имовину пондерирану ризиком (%),Проценат,14.062592230113802
2013,Регулаторни 1 ниво капитала за имовину пондерирану ризиком (%),Проценат,15.234217504719
2014,Регулаторни 1 ниво капитала за имовину пондерирану ризиком (%),Проценат,14.3452279119259
2015,Регулаторни 1 ниво капитала за имовину пондерирану ризиком (%),Проценат,13.7612358561706
2016,Регулаторни 1 ниво капитала за имовину пондерирану ризиком (%),Проценат,15.028388380123598
2017,Регулаторни 1 ниво капитала за имовину пондерирану ризиком (%),Проценат,14.767781340475599
2018,Регулаторни 1 ниво капитала за имовину пондерирану ризиком (%),Проценат,16.4870496553286
2000,Регулаторни капитал за имовину (%),Проценат,20.439232259874
2001,Регулаторни капитал за имовину (%),Проценат,14.527655611921501
2002,Регулаторни капитал за имовину (%),Проценат,14.3457936836765
2003,Регулаторни капитал за имовину (%),Проценат,11.7934618614307
2004,Регулаторни капитал за имовину (%),Проценат,10.7372308611601
2005,Регулаторни капитал за имовину (%),Проценат,9.72960582201421
2006,Регулаторни капитал за имовину (%),Проценат,9.73688626796929
2007,Регулаторни капитал за имовину (%),Проценат,8.817806517454288
2008,Регулаторни капитал за имовину (%),Проценат,9.37215106339801
2009,Регулаторни капитал за имовину (%),Проценат,10.7212574953015
2010,Регулаторни капитал за имовину (%),Проценат,11.765449821522
2011,Регулаторни капитал за имовину (%),Проценат,13.614428007970801
2012,Регулаторни капитал за имовину (%),Проценат,14.2134322942846
2013,Регулаторни капитал за имовину (%),Проценат,14.367667765343098
2014,Регулаторни капитал за имовину (%),Проценат,14.377745547704402
2015,Регулаторни капитал за имовину (%),Проценат,14.0982658596697
2016,Регулаторни капитал за имовину (%),Проценат,14.354691636029198
2017,Регулаторни капитал за имовину (%),Проценат,14.009650914740698
2018,Регулаторни капитал за имовину (%),Проценат,13.1861645768664
2000,Поврат имовине (%),Проценат,-1.76461726674205
2001,Поврат имовине (%),Проценат,-1.0688454216849201
2002,Поврат имовине (%),Проценат,-0.285976995872053
2003,Поврат имовине (%),Проценат,0.44729594193314204
2004,Поврат имовине (%),Проценат,0.6885794719622611
2005,Поврат имовине (%),Проценат,0.694024200985177
2006,Поврат имовине (%),Проценат,0.869776327088587
2007,Поврат имовине (%),Проценат,0.8350243196840541
2008,Поврат имовине (%),Проценат,0.413425110169344
2009,Поврат имовине (%),Проценат,0.0883703101394783
2010,Поврат имовине (%),Проценат,-0.604156469153203
2011,Поврат имовине (%),Проценат,0.6749504007051961
2012,Поврат имовине (%),Проценат,0.7231166218635309
2013,Поврат имовине (%),Проценат,-0.0689789693939072
2014,Поврат имовине (%),Проценат,0.785877546036617
2015,Поврат имовине (%),Проценат,0.29853483873533504
2016,Поврат имовине (%),Проценат,1.0778077072966499
2017,Поврат имовине (%),Проценат,1.46374049149548
2018,Поврат имовине (%),Проценат,1.3110732924383102
