Year,SERIES,UNIT_MEASURE,Пол,Value
2000,Број жртава убистава с намјером на 100.000 становника,На 100.000 становника,Жене,1.04736
2001,Број жртава убистава с намјером на 100.000 становника,На 100.000 становника,Жене,1.5173299999999998
2002,Број жртава убистава с намјером на 100.000 становника,На 100.000 становника,Жене,1.3068899999999999
2009,Број жртава убистава с намјером на 100.000 становника,На 100.000 становника,Жене,0.789
2010,Број жртава убистава с намјером на 100.000 становника,На 100.000 становника,Жене,0.5302399999999999
2011,Број жртава убистава с намјером на 100.000 становника,На 100.000 становника,Жене,0.85845
2012,Број жртава убистава с намјером на 100.000 становника,На 100.000 становника,Жене,1.30739
2013,Број жртава убистава с намјером на 100.000 становника,На 100.000 становника,Жене,0.77581
2014,Број жртава убистава с намјером на 100.000 становника,На 100.000 становника,Жене,0.61995
2015,Број жртава убистава с намјером на 100.000 становника,На 100.000 становника,Жене,1.0297399999999999
2016,Број жртава убистава с намјером на 100.000 становника,На 100.000 становника,Жене,0.86879
2017,Број жртава убистава с намјером на 100.000 становника,На 100.000 становника,Жене,0.58505
2018,Број жртава убистава с намјером на 100.000 становника,На 100.000 становника,Жене,0.47181999999999996
2000,Број жртава убистава с намјером на 100.000 становника,На 100.000 становника,Мушкарци,4.28972
2001,Број жртава убистава с намјером на 100.000 становника,На 100.000 становника,Мушкарци,2.87378
2002,Број жртава убистава с намјером на 100.000 становника,На 100.000 становника,Мушкарци,3.52028
2009,Број жртава убистава с намјером на 100.000 становника,На 100.000 становника,Мушкарци,3.0521
2010,Број жртава убистава с намјером на 100.000 становника,На 100.000 становника,Мушкарци,2.52812
2011,Број жртава убистава с намјером на 100.000 становника,На 100.000 становника,Мушкарци,1.9473
2012,Број жртава убистава с намјером на 100.000 становника,На 100.000 становника,Мушкарци,2.20433
2013,Број жртава убистава с намјером на 100.000 становника,На 100.000 становника,Мушкарци,1.84115
2014,Број жртава убистава с намјером на 100.000 становника,На 100.000 становника,Мушкарци,2.28369
2015,Број жртава убистава с намјером на 100.000 становника,На 100.000 становника,Мушкарци,2.31957
2016,Број жртава убистава с намјером на 100.000 становника,На 100.000 становника,Мушкарци,1.8075299999999999
2017,Број жртава убистава с намјером на 100.000 становника,На 100.000 становника,Мушкарци,1.94852
2018,Број жртава убистава с намјером на 100.000 становника,На 100.000 становника,Мушкарци,1.9037400000000002
2000,Број жртава убистава с предомишљајем,Број,Жене,20.0
2001,Број жртава убистава с предомишљајем,Број,Жене,29.0
2002,Број жртава убистава с предомишљајем,Број,Жене,25.0
2009,Број жртава убистава с предомишљајем,Број,Жене,15.0
2010,Број жртава убистава с предомишљајем,Број,Жене,10.0
2011,Број жртава убистава с предомишљајем,Број,Жене,16.0
2012,Број жртава убистава с предомишљајем,Број,Жене,24.0
2013,Број жртава убистава с предомишљајем,Број,Жене,14.0
2014,Број жртава убистава с предомишљајем,Број,Жене,11.0
2015,Број жртава убистава с предомишљајем,Број,Жене,18.0
2016,Број жртава убистава с предомишљајем,Број,Жене,15.0
2017,Број жртава убистава с предомишљајем,Број,Жене,10.0
2018,Број жртава убистава с предомишљајем,Број,Жене,8.0
2000,Број жртава убистава с предомишљајем,Број,Мушкарци,79.0
2001,Број жртава убистава с предомишљајем,Број,Мушкарци,53.0
2002,Број жртава убистава с предомишљајем,Број,Мушкарци,65.0
2009,Број жртава убистава с предомишљајем,Број,Мушкарци,56.0
2010,Број жртава убистава с предомишљајем,Број,Мушкарци,46.0
2011,Број жртава убистава с предомишљајем,Број,Мушкарци,35.0
2012,Број жртава убистава с предомишљајем,Број,Мушкарци,39.0
2013,Број жртава убистава с предомишљајем,Број,Мушкарци,32.0
2014,Број жртава убистава с предомишљајем,Број,Мушкарци,39.0
2015,Број жртава убистава с предомишљајем,Број,Мушкарци,39.0
2016,Број жртава убистава с предомишљајем,Број,Мушкарци,30.0
2017,Број жртава убистава с предомишљајем,Број,Мушкарци,32.0
2018,Број жртава убистава с предомишљајем,Број,Мушкарци,31.0
