Year,SERIES,UNIT_MEASURE,Value
2000,Сервисирања дуга као удио извоза роба и услуга,Проценат,12.67419
2001,Сервисирања дуга као удио извоза роба и услуга,Проценат,11.979000000000001
2002,Сервисирања дуга као удио извоза роба и услуга,Проценат,5.93503
2003,Сервисирања дуга као удио извоза роба и услуга,Проценат,5.22393
2004,Сервисирања дуга као удио извоза роба и услуга,Проценат,4.116230000000001
2005,Сервисирања дуга као удио извоза роба и услуга,Проценат,3.58475
2006,Сервисирања дуга као удио извоза роба и услуга,Проценат,3.34136
2007,Сервисирања дуга као удио извоза роба и услуга,Проценат,3.1481
2008,Сервисирања дуга као удио извоза роба и услуга,Проценат,2.70532
2009,Сервисирања дуга као удио извоза роба и услуга,Проценат,3.28689
2010,Сервисирања дуга као удио извоза роба и услуга,Проценат,3.6289999999999996
2011,Сервисирања дуга као удио извоза роба и услуга,Проценат,3.68589
2012,Сервисирања дуга као удио извоза роба и услуга,Проценат,4.4527
2013,Сервисирања дуга као удио извоза роба и услуга,Проценат,7.053
2014,Сервисирања дуга као удио извоза роба и услуга,Проценат,7.730860000000001
2015,Сервисирања дуга као удио извоза роба и услуга,Проценат,7.40867
2016,Сервисирања дуга као удио извоза роба и услуга,Проценат,6.5877
2017,Сервисирања дуга као удио извоза роба и услуга,Проценат,7.560389999999999
2018,Сервисирања дуга као удио извоза роба и услуга,Проценат,6.999860000000001
