Year,SERIES,UNIT_MEASURE,Value
2000,DC_FTA_TOTAL,константни амерички долари,114.81532
2001,DC_FTA_TOTAL,константни амерички долари,157.96188999999998
2002,DC_FTA_TOTAL,константни амерички долари,125.59918
2003,DC_FTA_TOTAL,константни амерички долари,104.67249
2004,DC_FTA_TOTAL,константни амерички долари,71.52112
2005,DC_FTA_TOTAL,константни амерички долари,120.76763000000001
2006,DC_FTA_TOTAL,константни амерички долари,149.61963
2007,DC_FTA_TOTAL,константни амерички долари,121.38869
2008,DC_FTA_TOTAL,константни амерички долари,100.75339
2009,DC_FTA_TOTAL,константни амерички долари,131.3208
2010,DC_FTA_TOTAL,константни амерички долари,90.77999
2011,DC_FTA_TOTAL,константни амерички долари,73.40769
2012,DC_FTA_TOTAL,константни амерички долари,67.32975
2013,DC_FTA_TOTAL,константни амерички долари,99.9125
2014,DC_FTA_TOTAL,константни амерички долари,70.98564
2015,DC_FTA_TOTAL,константни амерички долари,107.80011999999999
2016,DC_FTA_TOTAL,константни амерички долари,50.99685
2017,DC_FTA_TOTAL,константни амерички долари,64.00353
2018,DC_FTA_TOTAL,константни амерички долари,107.62003
