Year,SERIES,UNIT_MEASURE,Године,Value
2000,Дјеца умјерено или тешко заостала у развоју (број),Хиљаде,Испод 5 година,28.43425
2006,Дјеца умјерено или тешко заостала у развоју (број),Хиљаде,Испод 5 година,19.49263
2012,Дјеца умјерено или тешко заостала у развоју (број),Хиљаде,Испод 5 година,16.26161
2000,Удио дјеце умјерено или озбиљно заостале у развоју,Проценат,Испод 5 година,12.12708
2006,Удио дјеце умјерено или озбиљно заостале у развоју,Проценат,Испод 5 година,11.812999999999999
2012,Удио дјеце умјерено или озбиљно заостале у развоју,Проценат,Испод 5 година,8.886560000000001
