Year,SERIES,UNIT_MEASURE,Ниво образовања,Пол,COMPOSITE_BREAKDOWN,Value
2018,Удио дјеце и младих  која постижу најмање минималан ниво достигнућа у читању и  математици,Проценат,Ниже средње образовање,Оба пола или без подјеле по полу,Математика,42.4365892249964
2018,Удио дјеце и младих  која постижу најмање минималан ниво достигнућа у читању и  математици,Проценат,Ниже средње образовање,Оба пола или без подјеле по полу,Читање,46.324932261413004
2018,Удио дјеце и младих  која постижу најмање минималан ниво достигнућа у читању и  математици,Проценат,Ниже средње образовање,Жене,Математика,42.5678637665707
2018,Удио дјеце и младих  која постижу најмање минималан ниво достигнућа у читању и  математици,Проценат,Ниже средње образовање,Жене,Читање,54.766622776236105
2018,Удио дјеце и младих  која постижу најмање минималан ниво достигнућа у читању и  математици,Проценат,Ниже средње образовање,Мушкарци,Математика,42.311625596573
2018,Удио дјеце и младих  која постижу најмање минималан ниво достигнућа у читању и  математици,Проценат,Ниже средње образовање,Мушкарци,Читање,38.2890689164767
