Year,SERIES,UNIT_MEASURE,Value
2000,"Укупна званична развојна помоћ (бруто издаци) за водоснабдијевање и канализацију, према земљама примаоцима",Амерички долар,19.58084
2001,"Укупна званична развојна помоћ (бруто издаци) за водоснабдијевање и канализацију, према земљама примаоцима",Амерички долар,38.82584
2002,"Укупна званична развојна помоћ (бруто издаци) за водоснабдијевање и канализацију, према земљама примаоцима",Амерички долар,9.64236
2003,"Укупна званична развојна помоћ (бруто издаци) за водоснабдијевање и канализацију, према земљама примаоцима",Амерички долар,13.74311
2004,"Укупна званична развојна помоћ (бруто издаци) за водоснабдијевање и канализацију, према земљама примаоцима",Амерички долар,42.03058
2005,"Укупна званична развојна помоћ (бруто издаци) за водоснабдијевање и канализацију, према земљама примаоцима",Амерички долар,20.24693
2006,"Укупна званична развојна помоћ (бруто издаци) за водоснабдијевање и канализацију, према земљама примаоцима",Амерички долар,15.9279
2007,"Укупна званична развојна помоћ (бруто издаци) за водоснабдијевање и канализацију, према земљама примаоцима",Амерички долар,16.63345
2008,"Укупна званична развојна помоћ (бруто издаци) за водоснабдијевање и канализацију, према земљама примаоцима",Амерички долар,14.332189999999999
2009,"Укупна званична развојна помоћ (бруто издаци) за водоснабдијевање и канализацију, према земљама примаоцима",Амерички долар,17.654629999999997
2010,"Укупна званична развојна помоћ (бруто издаци) за водоснабдијевање и канализацију, према земљама примаоцима",Амерички долар,28.460990000000002
2011,"Укупна званична развојна помоћ (бруто издаци) за водоснабдијевање и канализацију, према земљама примаоцима",Амерички долар,43.36911
2012,"Укупна званична развојна помоћ (бруто издаци) за водоснабдијевање и канализацију, према земљама примаоцима",Амерички долар,43.072140000000005
2013,"Укупна званична развојна помоћ (бруто издаци) за водоснабдијевање и канализацију, према земљама примаоцима",Амерички долар,37.56426
2014,"Укупна званична развојна помоћ (бруто издаци) за водоснабдијевање и канализацију, према земљама примаоцима",Амерички долар,43.50735
2015,"Укупна званична развојна помоћ (бруто издаци) за водоснабдијевање и канализацију, према земљама примаоцима",Амерички долар,69.22511999999999
2016,"Укупна званична развојна помоћ (бруто издаци) за водоснабдијевање и канализацију, према земљама примаоцима",Амерички долар,69.22511999999999
2017,"Укупна званична развојна помоћ (бруто издаци) за водоснабдијевање и канализацију, према земљама примаоцима",Амерички долар,49.60147
2018,"Укупна званична развојна помоћ (бруто издаци) за водоснабдијевање и канализацију, према земљама примаоцима",Амерички долар,16.604770000000002
