Year,SERIES,UNIT_MEASURE,Value
2000,Емисије угљен-диоксида изгарањем горива,Милиони тона,13.718
2001,Емисије угљен-диоксида изгарањем горива,Милиони тона,13.501
2002,Емисије угљен-диоксида изгарањем горива,Милиони тона,14.219000000000001
2003,Емисије угљен-диоксида изгарањем горива,Милиони тона,14.546
2004,Емисије угљен-диоксида изгарањем горива,Милиони тона,15.187000000000001
2005,Емисије угљен-диоксида изгарањем горива,Милиони тона,15.857999999999999
2006,Емисије угљен-диоксида изгарањем горива,Милиони тона,17.462
2007,Емисије угљен-диоксида изгарањем горива,Милиони тона,18.415
2008,Емисије угљен-диоксида изгарањем горива,Милиони тона,20.24
2009,Емисије угљен-диоксида изгарањем горива,Милиони тона,20.204
2010,Емисије угљен-диоксида изгарањем горива,Милиони тона,20.483
2011,Емисије угљен-диоксида изгарањем горива,Милиони тона,23.401
2012,Емисије угљен-диоксида изгарањем горива,Милиони тона,21.645
2013,Емисије угљен-диоксида изгарањем горива,Милиони тона,21.51
2014,Емисије угљен-диоксида изгарањем горива,Милиони тона,19.172
2015,Емисије угљен-диоксида изгарањем горива,Милиони тона,19.305999999999997
2016,Емисије угљен-диоксида изгарањем горива,Милиони тона,22.019000000000002
2017,Емисије угљен-диоксида изгарањем горива,Милиони тона,22.328000000000003
2000,Емисије угљен-диоксида по јединици БДП-а,Килограми по константи америчког долара,0.60146
2001,Емисије угљен-диоксида по јединици БДП-а,Килограми по константи америчког долара,0.56698
2002,Емисије угљен-диоксида по јединици БДП-а,Килограми по константи америчког долара,0.56707
2003,Емисије угљен-диоксида по јединици БДП-а,Килограми по константи америчког долара,0.55783
2004,Емисије угљен-диоксида по јединици БДП-а,Килограми по константи америчког долара,0.54891
2005,Емисије угљен-диоксида по јединици БДП-а,Килограми по константи америчког долара,0.52699
2006,Емисије угљен-диоксида по јединици БДП-а,Килограми по константи америчког долара,0.5504899999999999
2007,Емисије угљен-диоксида по јединици БДП-а,Килограми по константи америчког долара,0.54843
2008,Емисије угљен-диоксида по јединици БДП-а,Килограми по константи америчког долара,0.57175
2009,Емисије угљен-диоксида по јединици БДП-а,Килограми по константи америчког долара,0.5884199999999999
2010,Емисије угљен-диоксида по јединици БДП-а,Килограми по константи америчког долара,0.59135
2011,Емисије угљен-диоксида по јединици БДП-а,Килограми по константи америчког долара,0.66919
2012,Емисије угљен-диоксида по јединици БДП-а,Килограми по константи америчког долара,0.6241
2013,Емисије угљен-диоксида по јединици БДП-а,Килограми по константи америчког долара,0.60598
2014,Емисије угљен-диоксида по јединици БДП-а,Килограми по константи америчког долара,0.53398
2015,Емисије угљен-диоксида по јединици БДП-а,Килограми по константи америчког долара,0.52167
2016,Емисије угљен-диоксида по јединици БДП-а,Килограми по константи америчког долара,0.5768300000000001
2017,Емисије угљен-диоксида по јединици БДП-а,Килограми по константи америчког долара,0.56686
2000,Емисије угљен-диоксида по јединици производа додате вриједности,Килограми по константи америчког долара,1.6
2001,Емисије угљен-диоксида по јединици производа додате вриједности,Килограми по константи америчког долара,1.38
2002,Емисије угљен-диоксида по јединици производа додате вриједности,Килограми по константи америчког долара,1.43
2003,Емисије угљен-диоксида по јединици производа додате вриједности,Килограми по константи америчког долара,0.36
2004,Емисије угљен-диоксида по јединици производа додате вриједности,Килограми по константи америчког долара,0.72
2005,Емисије угљен-диоксида по јединици производа додате вриједности,Килограми по константи америчког долара,0.89
2006,Емисије угљен-диоксида по јединици производа додате вриједности,Килограми по константи америчког долара,0.83
2007,Емисије угљен-диоксида по јединици производа додате вриједности,Килограми по константи америчког долара,0.8
2008,Емисије угљен-диоксида по јединици производа додате вриједности,Килограми по константи америчког долара,0.79
2009,Емисије угљен-диоксида по јединици производа додате вриједности,Килограми по константи америчког долара,0.89
2010,Емисије угљен-диоксида по јединици производа додате вриједности,Килограми по константи америчког долара,0.98
2011,Емисије угљен-диоксида по јединици производа додате вриједности,Килограми по константи америчког долара,1.09
2012,Емисије угљен-диоксида по јединици производа додате вриједности,Килограми по константи америчког долара,1.11
2013,Емисије угљен-диоксида по јединици производа додате вриједности,Килограми по константи америчког долара,1.24
2014,Емисије угљен-диоксида по јединици производа додате вриједности,Килограми по константи америчког долара,1.08
2015,Емисије угљен-диоксида по јединици производа додате вриједности,Килограми по константи америчког долара,1.06
2016,Емисије угљен-диоксида по јединици производа додате вриједности,Килограми по константи америчког долара,0.95
2017,Емисије угљен-диоксида по јединици производа додате вриједности,Килограми по константи америчког долара,0.94
