Year,SERIES,UNIT_MEASURE,Value
2000,DC_ODA_POVLG,Procenat,0.50427
2001,DC_ODA_POVLG,Procenat,0.93125
2002,DC_ODA_POVLG,Procenat,0.13714
2003,DC_ODA_POVLG,Procenat,0.25945999999999997
2004,DC_ODA_POVLG,Procenat,0.23321
2005,DC_ODA_POVLG,Procenat,0.1206
2006,DC_ODA_POVLG,Procenat,0.14395
2007,DC_ODA_POVLG,Procenat,0.10574000000000001
2008,DC_ODA_POVLG,Procenat,0.0942
2009,DC_ODA_POVLG,Procenat,0.06307
2010,DC_ODA_POVLG,Procenat,0.14942
2011,DC_ODA_POVLG,Procenat,0.18137999999999999
2012,DC_ODA_POVLG,Procenat,0.27539
2013,DC_ODA_POVLG,Procenat,0.16629000000000002
2014,DC_ODA_POVLG,Procenat,0.09827000000000001
2015,DC_ODA_POVLG,Procenat,0.26383
2016,DC_ODA_POVLG,Procenat,0.16277
2017,DC_ODA_POVLG,Procenat,0.13437000000000002
2018,DC_ODA_POVLG,Procenat,0.07866000000000001
