Year,SERIES,UNIT_MEASURE,Value
2000,FI_FSI_FSLS,Procenat,54.049403667562295
2001,FI_FSI_FSLS,Procenat,65.07871304080629
2002,FI_FSI_FSLS,Procenat,51.5190348825523
2003,FI_FSI_FSLS,Procenat,58.7375213456581
2004,FI_FSI_FSLS,Procenat,59.5254449010301
2005,FI_FSI_FSLS,Procenat,61.912742893894
2006,FI_FSI_FSLS,Procenat,60.7730615475189
2007,FI_FSI_FSLS,Procenat,61.284708589615796
2008,FI_FSI_FSLS,Procenat,51.800986165646705
2009,FI_FSI_FSLS,Procenat,52.8860411982102
2010,FI_FSI_FSLS,Procenat,49.707368149003706
2011,FI_FSI_FSLS,Procenat,46.670917605577095
2012,FI_FSI_FSLS,Procenat,44.053109343285
2013,FI_FSI_FSLS,Procenat,46.22966161950829
2014,FI_FSI_FSLS,Procenat,46.138343168112705
2015,FI_FSI_FSLS,Procenat,44.03978050924629
2016,FI_FSI_FSLS,Procenat,44.0938567313618
2017,FI_FSI_FSLS,Procenat,44.309757521127395
2018,FI_FSI_FSLS,Procenat,44.6595444498472
2000,FI_FSI_FSSNO,Procenat,0.0
2001,FI_FSI_FSSNO,Procenat,0.0
2002,FI_FSI_FSSNO,Procenat,0.0
2003,FI_FSI_FSSNO,Procenat,42.1821411110154
2004,FI_FSI_FSSNO,Procenat,11.555883494208699
2005,FI_FSI_FSSNO,Procenat,8.28096322435092
2006,FI_FSI_FSSNO,Procenat,8.86905149119733
2007,FI_FSI_FSSNO,Procenat,5.89756294023394
2008,FI_FSI_FSSNO,Procenat,6.2230590329163595
2009,FI_FSI_FSSNO,Procenat,1.6983681988869501
2010,FI_FSI_FSSNO,Procenat,4.36946617542722
2011,FI_FSI_FSSNO,Procenat,15.985010797193901
2012,FI_FSI_FSSNO,Procenat,5.34710950449262
2013,FI_FSI_FSSNO,Procenat,6.69157732243825
2014,FI_FSI_FSSNO,Procenat,10.232227266882
2015,FI_FSI_FSSNO,Procenat,8.970821380820508
2016,FI_FSI_FSSNO,Procenat,1.6966661563472802
2017,FI_FSI_FSSNO,Procenat,-0.22757156549238197
2018,FI_FSI_FSSNO,Procenat,2.2410250402879797
2000,FI_FSI_FSKNL,Procenat,32.4693389054788
2001,FI_FSI_FSKNL,Procenat,37.6090647205685
2002,FI_FSI_FSKNL,Procenat,27.514714500471396
2003,FI_FSI_FSKNL,Procenat,25.200873982285
2004,FI_FSI_FSKNL,Procenat,19.494333340705303
2005,FI_FSI_FSKNL,Procenat,20.415840577499896
2006,FI_FSI_FSKNL,Procenat,15.3083015592223
2007,FI_FSI_FSKNL,Procenat,12.9598497952939
2008,FI_FSI_FSKNL,Procenat,13.8901872212992
2009,FI_FSI_FSKNL,Procenat,25.464485699359102
2010,FI_FSI_FSKNL,Procenat,42.009689201385996
2011,FI_FSI_FSKNL,Procenat,25.9173608461831
2012,FI_FSI_FSKNL,Procenat,30.0463912520826
2013,FI_FSI_FSKNL,Procenat,30.9744996912242
2014,FI_FSI_FSKNL,Procenat,27.922027925918602
2015,FI_FSI_FSKNL,Procenat,26.8841920515272
2016,FI_FSI_FSKNL,Procenat,18.4798679001815
2017,FI_FSI_FSKNL,Procenat,14.3545245961634
2018,FI_FSI_FSKNL,Procenat,12.1460435458492
2000,FI_FSI_FSANL,Procenat,21.215964833505
2001,FI_FSI_FSANL,Procenat,17.9071007297324
2002,FI_FSI_FSANL,Procenat,11.017219625819399
2003,FI_FSI_FSANL,Procenat,8.38582572565641
2004,FI_FSI_FSANL,Procenat,6.07354427319199
2005,FI_FSI_FSANL,Procenat,5.27605366757593
2006,FI_FSI_FSANL,Procenat,3.9987615025115497
2007,FI_FSI_FSANL,Procenat,3.01859191826486
2008,FI_FSI_FSANL,Procenat,3.0912079422106498
2009,FI_FSI_FSANL,Procenat,5.871207251876299
2010,FI_FSI_FSANL,Procenat,11.421782175376
2011,FI_FSI_FSANL,Procenat,11.7997140822193
2012,FI_FSI_FSANL,Procenat,13.4656882284517
2013,FI_FSI_FSANL,Procenat,15.1198478740683
2014,FI_FSI_FSANL,Procenat,14.1653123764986
2015,FI_FSI_FSANL,Procenat,13.7084158662801
2016,FI_FSI_FSANL,Procenat,11.777719084596301
2017,FI_FSI_FSANL,Procenat,10.046275152463199
2018,FI_FSI_FSANL,Procenat,8.770335479676572
2000,FI_FSI_FSKRTC,Procenat,26.4758691558612
2001,FI_FSI_FSKRTC,Procenat,22.3586710421588
2002,FI_FSI_FSKRTC,Procenat,18.2029212704059
2003,FI_FSI_FSKRTC,Procenat,15.9222609694411
2004,FI_FSI_FSKRTC,Procenat,14.9250443993237
2005,FI_FSI_FSKRTC,Procenat,13.6714789097788
2006,FI_FSI_FSKRTC,Procenat,13.617048392226401
2007,FI_FSI_FSKRTC,Procenat,12.5972463295307
2008,FI_FSI_FSKRTC,Procenat,12.0085239404031
2009,FI_FSI_FSKRTC,Procenat,12.3948490369898
2010,FI_FSI_FSKRTC,Procenat,12.640142484609699
2011,FI_FSI_FSKRTC,Procenat,13.5692695579269
2012,FI_FSI_FSKRTC,Procenat,14.062592230113802
2013,FI_FSI_FSKRTC,Procenat,15.234217504719
2014,FI_FSI_FSKRTC,Procenat,14.3452279119259
2015,FI_FSI_FSKRTC,Procenat,13.7612358561706
2016,FI_FSI_FSKRTC,Procenat,15.028388380123598
2017,FI_FSI_FSKRTC,Procenat,14.767781340475599
2018,FI_FSI_FSKRTC,Procenat,16.4870496553286
2000,FI_FSI_FSKA,Procenat,20.439232259874
2001,FI_FSI_FSKA,Procenat,14.527655611921501
2002,FI_FSI_FSKA,Procenat,14.3457936836765
2003,FI_FSI_FSKA,Procenat,11.7934618614307
2004,FI_FSI_FSKA,Procenat,10.7372308611601
2005,FI_FSI_FSKA,Procenat,9.72960582201421
2006,FI_FSI_FSKA,Procenat,9.73688626796929
2007,FI_FSI_FSKA,Procenat,8.817806517454288
2008,FI_FSI_FSKA,Procenat,9.37215106339801
2009,FI_FSI_FSKA,Procenat,10.7212574953015
2010,FI_FSI_FSKA,Procenat,11.765449821522
2011,FI_FSI_FSKA,Procenat,13.614428007970801
2012,FI_FSI_FSKA,Procenat,14.2134322942846
2013,FI_FSI_FSKA,Procenat,14.367667765343098
2014,FI_FSI_FSKA,Procenat,14.377745547704402
2015,FI_FSI_FSKA,Procenat,14.0982658596697
2016,FI_FSI_FSKA,Procenat,14.354691636029198
2017,FI_FSI_FSKA,Procenat,14.009650914740698
2018,FI_FSI_FSKA,Procenat,13.1861645768664
2000,FI_FSI_FSERA,Procenat,-1.76461726674205
2001,FI_FSI_FSERA,Procenat,-1.0688454216849201
2002,FI_FSI_FSERA,Procenat,-0.285976995872053
2003,FI_FSI_FSERA,Procenat,0.44729594193314204
2004,FI_FSI_FSERA,Procenat,0.6885794719622611
2005,FI_FSI_FSERA,Procenat,0.694024200985177
2006,FI_FSI_FSERA,Procenat,0.869776327088587
2007,FI_FSI_FSERA,Procenat,0.8350243196840541
2008,FI_FSI_FSERA,Procenat,0.413425110169344
2009,FI_FSI_FSERA,Procenat,0.0883703101394783
2010,FI_FSI_FSERA,Procenat,-0.604156469153203
2011,FI_FSI_FSERA,Procenat,0.6749504007051961
2012,FI_FSI_FSERA,Procenat,0.7231166218635309
2013,FI_FSI_FSERA,Procenat,-0.0689789693939072
2014,FI_FSI_FSERA,Procenat,0.785877546036617
2015,FI_FSI_FSERA,Procenat,0.29853483873533504
2016,FI_FSI_FSERA,Procenat,1.0778077072966499
2017,FI_FSI_FSERA,Procenat,1.46374049149548
2018,FI_FSI_FSERA,Procenat,1.3110732924383102
