Year,SERIES,UNIT_MEASURE,Vrsta proizvoda,Value
2005,TM_TRF_ZERO,Procenat,Poljoprivredni proizvodi,78.11705
2010,TM_TRF_ZERO,Procenat,Poljoprivredni proizvodi,86.55545
2015,TM_TRF_ZERO,Procenat,Poljoprivredni proizvodi,77.26098
2016,TM_TRF_ZERO,Procenat,Poljoprivredni proizvodi,72.09544
2017,TM_TRF_ZERO,Procenat,Poljoprivredni proizvodi,80.38654
2018,TM_TRF_ZERO,Procenat,Poljoprivredni proizvodi,80.10167
2005,TM_TRF_ZERO,Procenat,Bez podjele,80.36610999999999
2010,TM_TRF_ZERO,Procenat,Bez podjele,77.00822
2015,TM_TRF_ZERO,Procenat,Bez podjele,72.14442
2016,TM_TRF_ZERO,Procenat,Bez podjele,62.6327
2017,TM_TRF_ZERO,Procenat,Bez podjele,71.74150999999999
2018,TM_TRF_ZERO,Procenat,Bez podjele,71.94006
2005,TM_TRF_ZERO,Procenat,Oružje,84.375
2010,TM_TRF_ZERO,Procenat,Oružje,100.0
2015,TM_TRF_ZERO,Procenat,Oružje,66.66667
2016,TM_TRF_ZERO,Procenat,Oružje,68.42105
2017,TM_TRF_ZERO,Procenat,Oružje,72.22222
2018,TM_TRF_ZERO,Procenat,Oružje,72.22222
2005,TM_TRF_ZERO,Procenat,Odjeća,49.75369
2010,TM_TRF_ZERO,Procenat,Odjeća,39.92188
2015,TM_TRF_ZERO,Procenat,Odjeća,42.105259999999994
2016,TM_TRF_ZERO,Procenat,Odjeća,33.31467
2017,TM_TRF_ZERO,Procenat,Odjeća,44.23565
2018,TM_TRF_ZERO,Procenat,Odjeća,45.09502
2005,TM_TRF_ZERO,Procenat,Industrijski proizvodi,85.44423
2010,TM_TRF_ZERO,Procenat,Industrijski proizvodi,82.15344
2015,TM_TRF_ZERO,Procenat,Industrijski proizvodi,78.20907
2016,TM_TRF_ZERO,Procenat,Industrijski proizvodi,69.63315
2017,TM_TRF_ZERO,Procenat,Industrijski proizvodi,75.68703000000001
2018,TM_TRF_ZERO,Procenat,Industrijski proizvodi,75.75446
2005,TM_TRF_ZERO,Procenat,Nafta ili ulje,0.0
2015,TM_TRF_ZERO,Procenat,Nafta ili ulje,100.0
2005,TM_TRF_ZERO,Procenat,Tekstil,86.64921
2010,TM_TRF_ZERO,Procenat,Tekstil,83.00971
2015,TM_TRF_ZERO,Procenat,Tekstil,81.26195
2016,TM_TRF_ZERO,Procenat,Tekstil,69.17808000000001
2017,TM_TRF_ZERO,Procenat,Tekstil,84.49476999999999
2018,TM_TRF_ZERO,Procenat,Tekstil,85.31469
