Year,SERIES,UNIT_MEASURE,Value
2000,DC_TRF_TOTL,Američki dolar,946.25
2001,DC_TRF_TOTL,Američki dolar,713.85
2002,DC_TRF_TOTL,Američki dolar,709.46
2003,DC_TRF_TOTL,Američki dolar,644.87
2004,DC_TRF_TOTL,Američki dolar,956.02667
2005,DC_TRF_TOTL,Američki dolar,731.17263
2006,DC_TRF_TOTL,Američki dolar,1195.74263
2007,DC_TRF_TOTL,Američki dolar,1280.61466
2008,DC_TRF_TOTL,Američki dolar,1294.87862
2009,DC_TRF_TOTL,Američki dolar,579.80176
2010,DC_TRF_TOTL,Američki dolar,935.87909
2011,DC_TRF_TOTL,Američki dolar,668.26576
2012,DC_TRF_TOTL,Američki dolar,1090.97392
2013,DC_TRF_TOTL,Američki dolar,985.5591800000001
2014,DC_TRF_TOTL,Američki dolar,551.3962
2015,DC_TRF_TOTL,Američki dolar,945.5898199999999
2016,DC_TRF_TOTL,Američki dolar,655.59926
2017,DC_TRF_TOTL,Američki dolar,1007.5807800000001
2018,DC_TRF_TOTL,Američki dolar,751.82054
