Year,SERIES,UNIT_MEASURE,Value
2000,Nadzemna biomasa u šumi po hektaru (tone po hektaru),Hiljade hektara,156.36
2010,Nadzemna biomasa u šumi po hektaru (tone po hektaru),Hiljade hektara,156.36
2015,Nadzemna biomasa u šumi po hektaru (tone po hektaru),Hiljade hektara,156.36
2016,Nadzemna biomasa u šumi po hektaru (tone po hektaru),Hiljade hektara,156.36
2017,Nadzemna biomasa u šumi po hektaru (tone po hektaru),Hiljade hektara,156.36
2018,Nadzemna biomasa u šumi po hektaru (tone po hektaru),Hiljade hektara,156.36
2019,Nadzemna biomasa u šumi po hektaru (tone po hektaru),Hiljade hektara,156.36
2020,Nadzemna biomasa u šumi po hektaru (tone po hektaru),Hiljade hektara,156.36
2010,Neto promjene šumske površine (%),Procenat,-0.04
2015,Neto promjene šumske površine (%),Procenat,0.54
2020,Neto promjene šumske površine (%),Procenat,0.25
2000,Površina šume certificirana prema nezavisno potvrđenoj certifikacijskoj šemi (hektari),Hiljade hektara,0.0
2005,Površina šume certificirana prema nezavisno potvrđenoj certifikacijskoj šemi (hektari),Hiljade hektara,0.0
2010,Površina šume certificirana prema nezavisno potvrđenoj certifikacijskoj šemi (hektari),Hiljade hektara,108.69200000000001
2015,Površina šume certificirana prema nezavisno potvrđenoj certifikacijskoj šemi (hektari),Hiljade hektara,1496.115
2016,Površina šume certificirana prema nezavisno potvrđenoj certifikacijskoj šemi (hektari),Hiljade hektara,1495.526
2017,Površina šume certificirana prema nezavisno potvrđenoj certifikacijskoj šemi (hektari),Hiljade hektara,1532.625
2018,Površina šume certificirana prema nezavisno potvrđenoj certifikacijskoj šemi (hektari),Hiljade hektara,1654.4589999999998
2019,Površina šume certificirana prema nezavisno potvrđenoj certifikacijskoj šemi (hektari),Hiljade hektara,1768.0710000000001
