Year,SERIES,UNIT_MEASURE,Spol,Value
2000,VC_IHR_PSRC,Na 100 000 stanovnika,Žene,1.04736
2001,VC_IHR_PSRC,Na 100 000 stanovnika,Žene,1.5173299999999998
2002,VC_IHR_PSRC,Na 100 000 stanovnika,Žene,1.3068899999999999
2009,VC_IHR_PSRC,Na 100 000 stanovnika,Žene,0.789
2010,VC_IHR_PSRC,Na 100 000 stanovnika,Žene,0.5302399999999999
2011,VC_IHR_PSRC,Na 100 000 stanovnika,Žene,0.85845
2012,VC_IHR_PSRC,Na 100 000 stanovnika,Žene,1.30739
2013,VC_IHR_PSRC,Na 100 000 stanovnika,Žene,0.77581
2014,VC_IHR_PSRC,Na 100 000 stanovnika,Žene,0.61995
2015,VC_IHR_PSRC,Na 100 000 stanovnika,Žene,1.0297399999999999
2016,VC_IHR_PSRC,Na 100 000 stanovnika,Žene,0.86879
2017,VC_IHR_PSRC,Na 100 000 stanovnika,Žene,0.58505
2018,VC_IHR_PSRC,Na 100 000 stanovnika,Žene,0.47181999999999996
2000,VC_IHR_PSRC,Na 100 000 stanovnika,Muškarci,4.28972
2001,VC_IHR_PSRC,Na 100 000 stanovnika,Muškarci,2.87378
2002,VC_IHR_PSRC,Na 100 000 stanovnika,Muškarci,3.52028
2009,VC_IHR_PSRC,Na 100 000 stanovnika,Muškarci,3.0521
2010,VC_IHR_PSRC,Na 100 000 stanovnika,Muškarci,2.52812
2011,VC_IHR_PSRC,Na 100 000 stanovnika,Muškarci,1.9473
2012,VC_IHR_PSRC,Na 100 000 stanovnika,Muškarci,2.20433
2013,VC_IHR_PSRC,Na 100 000 stanovnika,Muškarci,1.84115
2014,VC_IHR_PSRC,Na 100 000 stanovnika,Muškarci,2.28369
2015,VC_IHR_PSRC,Na 100 000 stanovnika,Muškarci,2.31957
2016,VC_IHR_PSRC,Na 100 000 stanovnika,Muškarci,1.8075299999999999
2017,VC_IHR_PSRC,Na 100 000 stanovnika,Muškarci,1.94852
2018,VC_IHR_PSRC,Na 100 000 stanovnika,Muškarci,1.9037400000000002
2000,VC_IHR_PSRCN,Broj,Žene,20.0
2001,VC_IHR_PSRCN,Broj,Žene,29.0
2002,VC_IHR_PSRCN,Broj,Žene,25.0
2009,VC_IHR_PSRCN,Broj,Žene,15.0
2010,VC_IHR_PSRCN,Broj,Žene,10.0
2011,VC_IHR_PSRCN,Broj,Žene,16.0
2012,VC_IHR_PSRCN,Broj,Žene,24.0
2013,VC_IHR_PSRCN,Broj,Žene,14.0
2014,VC_IHR_PSRCN,Broj,Žene,11.0
2015,VC_IHR_PSRCN,Broj,Žene,18.0
2016,VC_IHR_PSRCN,Broj,Žene,15.0
2017,VC_IHR_PSRCN,Broj,Žene,10.0
2018,VC_IHR_PSRCN,Broj,Žene,8.0
2000,VC_IHR_PSRCN,Broj,Muškarci,79.0
2001,VC_IHR_PSRCN,Broj,Muškarci,53.0
2002,VC_IHR_PSRCN,Broj,Muškarci,65.0
2009,VC_IHR_PSRCN,Broj,Muškarci,56.0
2010,VC_IHR_PSRCN,Broj,Muškarci,46.0
2011,VC_IHR_PSRCN,Broj,Muškarci,35.0
2012,VC_IHR_PSRCN,Broj,Muškarci,39.0
2013,VC_IHR_PSRCN,Broj,Muškarci,32.0
2014,VC_IHR_PSRCN,Broj,Muškarci,39.0
2015,VC_IHR_PSRCN,Broj,Muškarci,39.0
2016,VC_IHR_PSRCN,Broj,Muškarci,30.0
2017,VC_IHR_PSRCN,Broj,Muškarci,32.0
2018,VC_IHR_PSRCN,Broj,Muškarci,31.0
