Year,SERIES,UNIT_MEASURE,Value
2018,Opseg upotrebe državnih okvira rezultata i alata za planiranje od strane pružalaca razvojne saradnje - podaci prema primaocu (%),Procenat,33.8574563463529
2018,Udio novih razvojnih intervencija izvučenih iz okvira rezultata koje vode zemlje - podaci prema primaocu,Procenat,53.42465639114371
2018,Udio indikatora rezultata izvučenih iz okvira rezultata koje vode zemlje - podaci prema primaocu (%),Procenat,22.897727787494603
2018,Udio indikatora rezultata koji će se pratiti pomoću državnih izvora i sistema praćenja - podaci po primaocu (%),Procenat,25.2499848604202
