Year,SERIES,UNIT_MEASURE,Value
2003,Ukupni prihodi države kao udio u BDP-u,Procenat,23.9562657328075
2004,Ukupni prihodi države kao udio u BDP-u,Procenat,22.8445369491468
2005,Ukupni prihodi države kao udio u BDP-u,Procenat,41.4129818899751
2006,Ukupni prihodi države kao udio u BDP-u,Procenat,44.2008029040042
2007,Ukupni prihodi države kao udio u BDP-u,Procenat,44.90607707354079
2008,Ukupni prihodi države kao udio u BDP-u,Procenat,43.640096795566905
2009,Ukupni prihodi države kao udio u BDP-u,Procenat,41.7375095023106
2010,Ukupni prihodi države kao udio u BDP-u,Procenat,42.8563874887263
2011,Ukupni prihodi države kao udio u BDP-u,Procenat,43.3316157280503
2012,Ukupni prihodi države kao udio u BDP-u,Procenat,43.7502030221352
2013,Ukupni prihodi države kao udio u BDP-u,Procenat,42.6582565862232
2014,Ukupni prihodi države kao udio u BDP-u,Procenat,43.808720847713204
2015,Ukupni prihodi države kao udio u BDP-u,Procenat,43.151083898209706
2016,Ukupni prihodi države kao udio u BDP-u,Procenat,42.7014657297644
2017,Ukupni prihodi države kao udio u BDP-u,Procenat,42.9602093929945
2018,Ukupni prihodi države kao udio u BDP-u,Procenat,43.1099367097622
2003,"Ukupni državni prihodi, u lokalnoj valuti",Lokalna valuta (milioni),3519.1
2004,"Ukupni državni prihodi, u lokalnoj valuti",Lokalna valuta (milioni),3654.7
2005,"Ukupni državni prihodi, u lokalnoj valuti",Lokalna valuta (milioni),7122.1
2006,"Ukupni državni prihodi, u lokalnoj valuti",Lokalna valuta (milioni),8586.4
2007,"Ukupni državni prihodi, u lokalnoj valuti",Lokalna valuta (milioni),9832.7
2008,"Ukupni državni prihodi, u lokalnoj valuti",Lokalna valuta (milioni),10903.1
2009,"Ukupni državni prihodi, u lokalnoj valuti",Lokalna valuta (milioni),10342.5
2010,"Ukupni državni prihodi, u lokalnoj valuti",Lokalna valuta (milioni),10862.6
2011,"Ukupni državni prihodi, u lokalnoj valuti",Lokalna valuta (milioni),11357.1
2012,"Ukupni državni prihodi, u lokalnoj valuti",Lokalna valuta (milioni),11459.5
2013,"Ukupni državni prihodi, u lokalnoj valuti",Lokalna valuta (milioni),11408.1
2014,"Ukupni državni prihodi, u lokalnoj valuti",Lokalna valuta (milioni),11961.7
2015,"Ukupni državni prihodi, u lokalnoj valuti",Lokalna valuta (milioni),12335.1
2016,"Ukupni državni prihodi, u lokalnoj valuti",Lokalna valuta (milioni),12767.3
2017,"Ukupni državni prihodi, u lokalnoj valuti",Lokalna valuta (milioni),13479.3
2018,"Ukupni državni prihodi, u lokalnoj valuti",Lokalna valuta (milioni),14402.3
