Year,SERIES,UNIT_MEASURE,Value
2003,GC_GOB_TAXD,Procenat,83.47171
2004,GC_GOB_TAXD,Procenat,86.24788000000001
2005,GC_GOB_TAXD,Procenat,59.636469999999996
2006,GC_GOB_TAXD,Procenat,61.56456
2007,GC_GOB_TAXD,Procenat,57.82445
2008,GC_GOB_TAXD,Procenat,51.96723
2009,GC_GOB_TAXD,Procenat,46.89452
2010,GC_GOB_TAXD,Procenat,49.15388
2011,GC_GOB_TAXD,Procenat,51.64659
2012,GC_GOB_TAXD,Procenat,50.37305
2013,GC_GOB_TAXD,Procenat,49.38217
2014,GC_GOB_TAXD,Procenat,48.5627
2015,GC_GOB_TAXD,Procenat,53.03225
2016,GC_GOB_TAXD,Procenat,54.53435
2017,GC_GOB_TAXD,Procenat,56.920519999999996
2018,GC_GOB_TAXD,Procenat,56.81211999999999
