Year,Series,Starost,Spol,Value
2015,Rasprostranjenost umjerene ili ozbiljne nesigurnosti hrane u odrasloj populaciji(%),15+,Ženski,9.61
2015,Rasprostranjenost umjerene ili ozbiljne nesigurnosti hrane u odrasloj populaciji(%),15+,Muški,9.19
2015,Rasprostranjenost umjerene ili ozbiljne nesigurnosti hrane u odrasloj populaciji(%),All,Ukupno,9.59
2016,Rasprostranjenost umjerene ili ozbiljne nesigurnosti hrane u odrasloj populaciji(%),15+,Ženski,9.07
2016,Rasprostranjenost umjerene ili ozbiljne nesigurnosti hrane u odrasloj populaciji(%),15+,Muški,10.96
2016,Rasprostranjenost umjerene ili ozbiljne nesigurnosti hrane u odrasloj populaciji(%),All,Ukupno,10.27
2017,Rasprostranjenost umjerene ili ozbiljne nesigurnosti hrane u odrasloj populaciji(%),15+,Ženski,7.79
2017,Rasprostranjenost umjerene ili ozbiljne nesigurnosti hrane u odrasloj populaciji(%),15+,Muški,9.2
2017,Rasprostranjenost umjerene ili ozbiljne nesigurnosti hrane u odrasloj populaciji(%),All,Ukupno,8.68
2018,Rasprostranjenost umjerene ili ozbiljne nesigurnosti hrane u odrasloj populaciji(%),15+,Ženski,8.17
2018,Rasprostranjenost umjerene ili ozbiljne nesigurnosti hrane u odrasloj populaciji(%),15+,Muški,9.62
2018,Rasprostranjenost umjerene ili ozbiljne nesigurnosti hrane u odrasloj populaciji(%),All,Ukupno,9.19
2015,Rasprostranjenost ozbiljne nesigurnosti hrane u odrasloj populaciji (%),15+,Ženski,3.2
2015,Rasprostranjenost ozbiljne nesigurnosti hrane u odrasloj populaciji (%),15+,Muški,3.1
2015,Rasprostranjenost ozbiljne nesigurnosti hrane u odrasloj populaciji (%),All,Ukupno,2.7
2016,Rasprostranjenost ozbiljne nesigurnosti hrane u odrasloj populaciji (%),15+,Ženski,3.2
2016,Rasprostranjenost ozbiljne nesigurnosti hrane u odrasloj populaciji (%),15+,Muški,3.1
2016,Rasprostranjenost ozbiljne nesigurnosti hrane u odrasloj populaciji (%),All,Ukupno,2.7
2017,Rasprostranjenost ozbiljne nesigurnosti hrane u odrasloj populaciji (%),15+,Ženski,3.2
2017,Rasprostranjenost ozbiljne nesigurnosti hrane u odrasloj populaciji (%),15+,Muški,3.1
2017,Rasprostranjenost ozbiljne nesigurnosti hrane u odrasloj populaciji (%),All,Ukupno,2.7
2018,Rasprostranjenost ozbiljne nesigurnosti hrane u odrasloj populaciji (%),15+,Ženski,3.2
2018,Rasprostranjenost ozbiljne nesigurnosti hrane u odrasloj populaciji (%),15+,Muški,3.1
2018,Rasprostranjenost ozbiljne nesigurnosti hrane u odrasloj populaciji (%),All,Ukupno,2.7
