Year,SERIES,UNIT_MEASURE,Value
2010,ER_GRF_ANIMRCNTN,Broj,0
2011,ER_GRF_ANIMRCNTN,Broj,0
2012,ER_GRF_ANIMRCNTN,Broj,0
2013,ER_GRF_ANIMRCNTN,Broj,0
2014,ER_GRF_ANIMRCNTN,Broj,0
2015,ER_GRF_ANIMRCNTN,Broj,0
2016,ER_GRF_ANIMRCNTN,Broj,0
2017,ER_GRF_ANIMRCNTN,Broj,0
2018,ER_GRF_ANIMRCNTN,Broj,0
2019,ER_GRF_ANIMRCNTN,Broj,0
2000,ER_GRF_PLNTSTOR,Broj,62
2005,ER_GRF_PLNTSTOR,Broj,64
2010,ER_GRF_PLNTSTOR,Broj,211
2012,ER_GRF_PLNTSTOR,Broj,434
2014,ER_GRF_PLNTSTOR,Broj,434
2016,ER_GRF_PLNTSTOR,Broj,434
2017,ER_GRF_PLNTSTOR,Broj,479
2018,ER_GRF_PLNTSTOR,Broj,479
2019,ER_GRF_PLNTSTOR,Broj,479
