Year,SERIES,UNIT_MEASURE,Godine,Spol,COMPOSITE_BREAKDOWN,Value
2000,SH_DTH_NCOM,Procenat,30 do tačno 70 godina,Oba spola ili bez podjele po spolu,,24.4
2005,SH_DTH_NCOM,Procenat,30 do tačno 70 godina,Oba spola ili bez podjele po spolu,,22.8
2010,SH_DTH_NCOM,Procenat,30 do tačno 70 godina,Oba spola ili bez podjele po spolu,,20.9
2015,SH_DTH_NCOM,Procenat,30 do tačno 70 godina,Oba spola ili bez podjele po spolu,,18.2
2016,SH_DTH_NCOM,Procenat,30 do tačno 70 godina,Oba spola ili bez podjele po spolu,,17.8
2000,SH_DTH_NCOM,Procenat,30 do tačno 70 godina,Žene,,18.8
2005,SH_DTH_NCOM,Procenat,30 do tačno 70 godina,Žene,,17.2
2010,SH_DTH_NCOM,Procenat,30 do tačno 70 godina,Žene,,15.7
2015,SH_DTH_NCOM,Procenat,30 do tačno 70 godina,Žene,,13.2
2016,SH_DTH_NCOM,Procenat,30 do tačno 70 godina,Žene,,12.9
2000,SH_DTH_NCOM,Procenat,30 do tačno 70 godina,Muškarci,,30.5
2005,SH_DTH_NCOM,Procenat,30 do tačno 70 godina,Muškarci,,28.8
2010,SH_DTH_NCOM,Procenat,30 do tačno 70 godina,Muškarci,,26.6
2015,SH_DTH_NCOM,Procenat,30 do tačno 70 godina,Muškarci,,23.6
2016,SH_DTH_NCOM,Procenat,30 do tačno 70 godina,Muškarci,,23.1
2000,SH_DTH_NCD,Broj,,Oba spola ili bez podjele po spolu,Rak,4952.0
2005,SH_DTH_NCD,Broj,,Oba spola ili bez podjele po spolu,Rak,5983.0
2010,SH_DTH_NCD,Broj,,Oba spola ili bez podjele po spolu,Rak,6617.0
2015,SH_DTH_NCD,Broj,,Oba spola ili bez podjele po spolu,Rak,7212.0
2016,SH_DTH_NCD,Broj,,Oba spola ili bez podjele po spolu,Rak,7262.0
2000,SH_DTH_NCD,Broj,,Žene,Rak,2035.0
2005,SH_DTH_NCD,Broj,,Žene,Rak,2490.0
2010,SH_DTH_NCD,Broj,,Žene,Rak,2726.0
2015,SH_DTH_NCD,Broj,,Žene,Rak,2955.0
2016,SH_DTH_NCD,Broj,,Žene,Rak,2955.0
2000,SH_DTH_NCD,Broj,,Oba spola ili bez podjele po spolu,Kardiovaskularne bolesti,17774.0
2005,SH_DTH_NCD,Broj,,Oba spola ili bez podjele po spolu,Kardiovaskularne bolesti,19965.0
2010,SH_DTH_NCD,Broj,,Oba spola ili bez podjele po spolu,Kardiovaskularne bolesti,20095.0
2015,SH_DTH_NCD,Broj,,Oba spola ili bez podjele po spolu,Kardiovaskularne bolesti,20044.0
2016,SH_DTH_NCD,Broj,,Oba spola ili bez podjele po spolu,Kardiovaskularne bolesti,20279.0
2000,SH_DTH_NCD,Broj,,Žene,Kardiovaskularne bolesti,9160.0
2005,SH_DTH_NCD,Broj,,Žene,Kardiovaskularne bolesti,10313.0
2010,SH_DTH_NCD,Broj,,Žene,Kardiovaskularne bolesti,10777.0
2015,SH_DTH_NCD,Broj,,Žene,Kardiovaskularne bolesti,10809.0
2016,SH_DTH_NCD,Broj,,Žene,Kardiovaskularne bolesti,10982.0
2000,SH_DTH_NCD,Broj,,Oba spola ili bez podjele po spolu,Dijabetes,1021.0
2005,SH_DTH_NCD,Broj,,Oba spola ili bez podjele po spolu,Dijabetes,2025.0
2010,SH_DTH_NCD,Broj,,Oba spola ili bez podjele po spolu,Dijabetes,2522.0
2015,SH_DTH_NCD,Broj,,Oba spola ili bez podjele po spolu,Dijabetes,2567.0
2016,SH_DTH_NCD,Broj,,Oba spola ili bez podjele po spolu,Dijabetes,2552.0
2000,SH_DTH_NCD,Broj,,Žene,Dijabetes,657.0
2005,SH_DTH_NCD,Broj,,Žene,Dijabetes,1234.0
2010,SH_DTH_NCD,Broj,,Žene,Dijabetes,1518.0
2015,SH_DTH_NCD,Broj,,Žene,Dijabetes,1522.0
2016,SH_DTH_NCD,Broj,,Žene,Dijabetes,1511.0
2000,SH_DTH_NCD,Broj,,Oba spola ili bez podjele po spolu,Hronična respiratorna bolest,1298.0
2005,SH_DTH_NCD,Broj,,Oba spola ili bez podjele po spolu,Hronična respiratorna bolest,1474.0
2010,SH_DTH_NCD,Broj,,Oba spola ili bez podjele po spolu,Hronična respiratorna bolest,1475.0
2015,SH_DTH_NCD,Broj,,Oba spola ili bez podjele po spolu,Hronična respiratorna bolest,1447.0
2016,SH_DTH_NCD,Broj,,Oba spola ili bez podjele po spolu,Hronična respiratorna bolest,1448.0
2000,SH_DTH_NCD,Broj,,Muškarci,Rak,2917.0
2005,SH_DTH_NCD,Broj,,Muškarci,Rak,3493.0
2010,SH_DTH_NCD,Broj,,Muškarci,Rak,3891.0
2015,SH_DTH_NCD,Broj,,Muškarci,Rak,4257.0
2016,SH_DTH_NCD,Broj,,Muškarci,Rak,4307.0
2000,SH_DTH_NCD,Broj,,Muškarci,Kardiovaskularne bolesti,8614.0
2005,SH_DTH_NCD,Broj,,Muškarci,Kardiovaskularne bolesti,9652.0
2010,SH_DTH_NCD,Broj,,Muškarci,Kardiovaskularne bolesti,9318.0
2015,SH_DTH_NCD,Broj,,Muškarci,Kardiovaskularne bolesti,9235.0
2016,SH_DTH_NCD,Broj,,Muškarci,Kardiovaskularne bolesti,9298.0
2000,SH_DTH_NCD,Broj,,Muškarci,Dijabetes,365.0
2005,SH_DTH_NCD,Broj,,Muškarci,Dijabetes,791.0
2010,SH_DTH_NCD,Broj,,Muškarci,Dijabetes,1004.0
2015,SH_DTH_NCD,Broj,,Muškarci,Dijabetes,1045.0
2016,SH_DTH_NCD,Broj,,Muškarci,Dijabetes,1040.0
2000,SH_DTH_NCD,Broj,,Žene,Hronična respiratorna bolest,564.0
2005,SH_DTH_NCD,Broj,,Žene,Hronična respiratorna bolest,584.0
2010,SH_DTH_NCD,Broj,,Žene,Hronična respiratorna bolest,597.0
2015,SH_DTH_NCD,Broj,,Žene,Hronična respiratorna bolest,575.0
2016,SH_DTH_NCD,Broj,,Žene,Hronična respiratorna bolest,580.0
2000,SH_DTH_NCD,Broj,,Muškarci,Hronična respiratorna bolest,735.0
2005,SH_DTH_NCD,Broj,,Muškarci,Hronična respiratorna bolest,890.0
2010,SH_DTH_NCD,Broj,,Muškarci,Hronična respiratorna bolest,879.0
2015,SH_DTH_NCD,Broj,,Muškarci,Hronična respiratorna bolest,872.0
2016,SH_DTH_NCD,Broj,,Muškarci,Hronična respiratorna bolest,868.0
