Year,SERIES,UNIT_MEASURE,Spol,COMPOSITE_BREAKDOWN,Value
2017,Udio mladih i odraslih sa vještinama u informacionim i komunikacionim tehnologijama (IKT),Procenat,Oba spola ili bez podjele po spolu,Korištenje osnovne aritmetičke formule u proračunskoj tabeli,9.166139999999999
2019,Udio mladih i odraslih sa vještinama u informacionim i komunikacionim tehnologijama (IKT),Procenat,Oba spola ili bez podjele po spolu,Korištenje osnovne aritmetičke formule u proračunskoj tabeli,7.52968
2017,Udio mladih i odraslih sa vještinama u informacionim i komunikacionim tehnologijama (IKT),Procenat,Oba spola ili bez podjele po spolu,Kopiranje ili premještanje datoteke ili mape,59.634319999999995
2019,Udio mladih i odraslih sa vještinama u informacionim i komunikacionim tehnologijama (IKT),Procenat,Oba spola ili bez podjele po spolu,Kopiranje ili premještanje datoteke ili mape,44.59803
2017,Udio mladih i odraslih sa vještinama u informacionim i komunikacionim tehnologijama (IKT),Procenat,Oba spola ili bez podjele po spolu,Korištenje alata kopiranja i lijepljenja za dupliranje ili premještanje podataka unutar dokumenta,28.14609
2019,Udio mladih i odraslih sa vještinama u informacionim i komunikacionim tehnologijama (IKT),Procenat,Oba spola ili bez podjele po spolu,Korištenje alata kopiranja i lijepljenja za dupliranje ili premještanje podataka unutar dokumenta,22.46445
2019,Udio mladih i odraslih sa vještinama u informacionim i komunikacionim tehnologijama (IKT),Procenat,Oba spola ili bez podjele po spolu,Slanje e-pošte s priloženim datotekama,30.09595
2017,Udio mladih i odraslih sa vještinama u informacionim i komunikacionim tehnologijama (IKT),Procenat,Oba spola ili bez podjele po spolu,Izrada elektronskih prezentacija pomoću softvera za prezentacije,12.45847
2019,Udio mladih i odraslih sa vještinama u informacionim i komunikacionim tehnologijama (IKT),Procenat,Oba spola ili bez podjele po spolu,Izrada elektronskih prezentacija pomoću softvera za prezentacije,11.0905
2017,Udio mladih i odraslih sa vještinama u informacionim i komunikacionim tehnologijama (IKT),Procenat,Oba spola ili bez podjele po spolu,Pisanje računarskog programa pomoću specijalizovanog programskog jezika,2.08691
2019,Udio mladih i odraslih sa vještinama u informacionim i komunikacionim tehnologijama (IKT),Procenat,Oba spola ili bez podjele po spolu,Pisanje računarskog programa pomoću specijalizovanog programskog jezika,2.13639
2017,Udio mladih i odraslih sa vještinama u informacionim i komunikacionim tehnologijama (IKT),Procenat,Oba spola ili bez podjele po spolu,"Pronalaženje, preuzimanje, instaliranje i konfigurisanje softvera",22.29269
2017,Udio mladih i odraslih sa vještinama u informacionim i komunikacionim tehnologijama (IKT),Procenat,Oba spola ili bez podjele po spolu,Prijenos datoteka između računara i drugih uređaja,59.741719999999994
2019,Udio mladih i odraslih sa vještinama u informacionim i komunikacionim tehnologijama (IKT),Procenat,Oba spola ili bez podjele po spolu,Prijenos datoteka između računara i drugih uređaja,49.02722
2017,Udio mladih i odraslih sa vještinama u informacionim i komunikacionim tehnologijama (IKT),Procenat,Žene,Korištenje osnovne aritmetičke formule u proračunskoj tabeli,9.29936
2019,Udio mladih i odraslih sa vještinama u informacionim i komunikacionim tehnologijama (IKT),Procenat,Žene,Korištenje osnovne aritmetičke formule u proračunskoj tabeli,6.281569999999999
2017,Udio mladih i odraslih sa vještinama u informacionim i komunikacionim tehnologijama (IKT),Procenat,Žene,Kopiranje ili premještanje datoteke ili mape,57.951280000000004
2019,Udio mladih i odraslih sa vještinama u informacionim i komunikacionim tehnologijama (IKT),Procenat,Žene,Kopiranje ili premještanje datoteke ili mape,43.36247
2017,Udio mladih i odraslih sa vještinama u informacionim i komunikacionim tehnologijama (IKT),Procenat,Žene,Korištenje alata kopiranja i lijepljenja za dupliranje ili premještanje podataka unutar dokumenta,25.87817
2019,Udio mladih i odraslih sa vještinama u informacionim i komunikacionim tehnologijama (IKT),Procenat,Žene,Korištenje alata kopiranja i lijepljenja za dupliranje ili premještanje podataka unutar dokumenta,19.288829999999997
2019,Udio mladih i odraslih sa vještinama u informacionim i komunikacionim tehnologijama (IKT),Procenat,Žene,Slanje e-pošte s priloženim datotekama,26.12795
2017,Udio mladih i odraslih sa vještinama u informacionim i komunikacionim tehnologijama (IKT),Procenat,Žene,Izrada elektronskih prezentacija pomoću softvera za prezentacije,10.67309
2019,Udio mladih i odraslih sa vještinama u informacionim i komunikacionim tehnologijama (IKT),Procenat,Žene,Izrada elektronskih prezentacija pomoću softvera za prezentacije,9.24555
2017,Udio mladih i odraslih sa vještinama u informacionim i komunikacionim tehnologijama (IKT),Procenat,Žene,Pisanje računarskog programa pomoću specijalizovanog programskog jezika,1.0229
2019,Udio mladih i odraslih sa vještinama u informacionim i komunikacionim tehnologijama (IKT),Procenat,Žene,Pisanje računarskog programa pomoću specijalizovanog programskog jezika,0.9875200000000001
2017,Udio mladih i odraslih sa vještinama u informacionim i komunikacionim tehnologijama (IKT),Procenat,Žene,"Pronalaženje, preuzimanje, instaliranje i konfigurisanje softvera",19.900679999999998
2017,Udio mladih i odraslih sa vještinama u informacionim i komunikacionim tehnologijama (IKT),Procenat,Žene,Prijenos datoteka između računara i drugih uređaja,56.43204
2019,Udio mladih i odraslih sa vještinama u informacionim i komunikacionim tehnologijama (IKT),Procenat,Žene,Prijenos datoteka između računara i drugih uređaja,46.93722
2017,Udio mladih i odraslih sa vještinama u informacionim i komunikacionim tehnologijama (IKT),Procenat,Muškarci,Korištenje osnovne aritmetičke formule u proračunskoj tabeli,9.01728
2019,Udio mladih i odraslih sa vještinama u informacionim i komunikacionim tehnologijama (IKT),Procenat,Muškarci,Korištenje osnovne aritmetičke formule u proračunskoj tabeli,8.9678
2017,Udio mladih i odraslih sa vještinama u informacionim i komunikacionim tehnologijama (IKT),Procenat,Muškarci,Kopiranje ili premještanje datoteke ili mape,61.514880000000005
2019,Udio mladih i odraslih sa vještinama u informacionim i komunikacionim tehnologijama (IKT),Procenat,Muškarci,Kopiranje ili premještanje datoteke ili mape,46.02169
2017,Udio mladih i odraslih sa vještinama u informacionim i komunikacionim tehnologijama (IKT),Procenat,Muškarci,Korištenje alata kopiranja i lijepljenja za dupliranje ili premještanje podataka unutar dokumenta,30.68018
2019,Udio mladih i odraslih sa vještinama u informacionim i komunikacionim tehnologijama (IKT),Procenat,Muškarci,Korištenje alata kopiranja i lijepljenja za dupliranje ili premještanje podataka unutar dokumenta,26.12354
2019,Udio mladih i odraslih sa vještinama u informacionim i komunikacionim tehnologijama (IKT),Procenat,Muškarci,Slanje e-pošte s priloženim datotekama,34.66806
2017,Udio mladih i odraslih sa vještinama u informacionim i komunikacionim tehnologijama (IKT),Procenat,Muškarci,Izrada elektronskih prezentacija pomoću softvera za prezentacije,14.453370000000001
2019,Udio mladih i odraslih sa vještinama u informacionim i komunikacionim tehnologijama (IKT),Procenat,Muškarci,Izrada elektronskih prezentacija pomoću softvera za prezentacije,13.216339999999999
2017,Udio mladih i odraslih sa vještinama u informacionim i komunikacionim tehnologijama (IKT),Procenat,Muškarci,Pisanje računarskog programa pomoću specijalizovanog programskog jezika,3.27579
2019,Udio mladih i odraslih sa vještinama u informacionim i komunikacionim tehnologijama (IKT),Procenat,Muškarci,Pisanje računarskog programa pomoću specijalizovanog programskog jezika,3.4601699999999997
2017,Udio mladih i odraslih sa vještinama u informacionim i komunikacionim tehnologijama (IKT),Procenat,Muškarci,"Pronalaženje, preuzimanje, instaliranje i konfigurisanje softvera",24.96542
2017,Udio mladih i odraslih sa vještinama u informacionim i komunikacionim tehnologijama (IKT),Procenat,Muškarci,Prijenos datoteka između računara i drugih uređaja,63.43982
2019,Udio mladih i odraslih sa vještinama u informacionim i komunikacionim tehnologijama (IKT),Procenat,Muškarci,Prijenos datoteka između računara i drugih uređaja,51.43541
