Year,SERIES,UNIT_MEASURE,Value
2005,DC_TOF_TRDCML,konstantni američki dolari,113.76155
2006,DC_TOF_TRDCML,konstantni američki dolari,196.89985
2007,DC_TOF_TRDCML,konstantni američki dolari,154.94478
2008,DC_TOF_TRDCML,konstantni američki dolari,134.03715
2009,DC_TOF_TRDCML,konstantni američki dolari,212.13171
2010,DC_TOF_TRDCML,konstantni američki dolari,232.27405
2011,DC_TOF_TRDCML,konstantni američki dolari,225.82849
2012,DC_TOF_TRDCML,konstantni američki dolari,218.08434
2013,DC_TOF_TRDCML,konstantni američki dolari,448.30314000000004
2014,DC_TOF_TRDCML,konstantni američki dolari,525.51593
2015,DC_TOF_TRDCML,konstantni američki dolari,78.26739
2016,DC_TOF_TRDCML,konstantni američki dolari,62.933009999999996
2017,DC_TOF_TRDCML,konstantni američki dolari,206.46492
2018,DC_TOF_TRDCML,konstantni američki dolari,171.81998000000002
2006,DC_TOF_TRDDBML,konstantni američki dolari,74.98621
2007,DC_TOF_TRDDBML,konstantni američki dolari,88.84701
2008,DC_TOF_TRDDBML,konstantni američki dolari,114.77843
2009,DC_TOF_TRDDBML,konstantni američki dolari,99.74611
2010,DC_TOF_TRDDBML,konstantni američki dolari,121.37097
2011,DC_TOF_TRDDBML,konstantni američki dolari,290.97038
2012,DC_TOF_TRDDBML,konstantni američki dolari,310.8811
2013,DC_TOF_TRDDBML,konstantni američki dolari,245.7912
2014,DC_TOF_TRDDBML,konstantni američki dolari,247.10757
2015,DC_TOF_TRDDBML,konstantni američki dolari,155.02131
2016,DC_TOF_TRDDBML,konstantni američki dolari,227.59102000000001
2017,DC_TOF_TRDDBML,konstantni američki dolari,229.27011000000002
2018,DC_TOF_TRDDBML,konstantni američki dolari,204.39546
