Year,SERIES,UNIT_MEASURE,Value
2003,GB_XPD_RSDV,Procenat,0.01854
2004,GB_XPD_RSDV,Procenat,0.01524
2005,GB_XPD_RSDV,Procenat,0.026969999999999997
2006,GB_XPD_RSDV,Procenat,0.01969
2007,GB_XPD_RSDV,Procenat,0.02521
2008,GB_XPD_RSDV,Procenat,0.01842
2009,GB_XPD_RSDV,Procenat,0.02106
2012,GB_XPD_RSDV,Procenat,0.26533
2013,GB_XPD_RSDV,Procenat,0.32132
2014,GB_XPD_RSDV,Procenat,0.25725
2015,GB_XPD_RSDV,Procenat,0.2186
2016,GB_XPD_RSDV,Procenat,0.21594000000000002
2017,GB_XPD_RSDV,Procenat,0.20048
2018,GB_XPD_RSDV,Procenat,0.1988
