Year,SERIES,UNIT_MEASURE,Value
2003,Istraživači (u ekvivalentu punog radnog vremena) na milion stanovnika,Na milion stanovnika,61.594190000000005
2004,Istraživači (u ekvivalentu punog radnog vremena) na milion stanovnika,Na milion stanovnika,63.427659999999996
2005,Istraživači (u ekvivalentu punog radnog vremena) na milion stanovnika,Na milion stanovnika,67.1423
2006,Istraživači (u ekvivalentu punog radnog vremena) na milion stanovnika,Na milion stanovnika,178.23305
2007,Istraživači (u ekvivalentu punog radnog vremena) na milion stanovnika,Na milion stanovnika,198.03677
2012,Istraživači (u ekvivalentu punog radnog vremena) na milion stanovnika,Na milion stanovnika,160.13994
2013,Istraživači (u ekvivalentu punog radnog vremena) na milion stanovnika,Na milion stanovnika,233.86737999999997
2014,Istraživači (u ekvivalentu punog radnog vremena) na milion stanovnika,Na milion stanovnika,292.38061
2015,Istraživači (u ekvivalentu punog radnog vremena) na milion stanovnika,Na milion stanovnika,365.22839
2016,Istraživači (u ekvivalentu punog radnog vremena) na milion stanovnika,Na milion stanovnika,419.99062999999995
2017,Istraživači (u ekvivalentu punog radnog vremena) na milion stanovnika,Na milion stanovnika,485.42082
2018,Istraživači (u ekvivalentu punog radnog vremena) na milion stanovnika,Na milion stanovnika,471.2501
