Year,SERIES,UNIT_MEASURE,Value
2000,DC_TOF_INFRAL,konstantni američki dolari,124.03153999999999
2001,DC_TOF_INFRAL,konstantni američki dolari,137.86998
2002,DC_TOF_INFRAL,konstantni američki dolari,67.7948
2003,DC_TOF_INFRAL,konstantni američki dolari,59.91191
2004,DC_TOF_INFRAL,konstantni američki dolari,158.69664
2005,DC_TOF_INFRAL,konstantni američki dolari,105.29561000000001
2006,DC_TOF_INFRAL,konstantni američki dolari,55.75988
2007,DC_TOF_INFRAL,konstantni američki dolari,44.24487
2008,DC_TOF_INFRAL,konstantni američki dolari,111.75632
2009,DC_TOF_INFRAL,konstantni američki dolari,287.68928
2010,DC_TOF_INFRAL,konstantni američki dolari,367.08229
2011,DC_TOF_INFRAL,konstantni američki dolari,368.85504
2012,DC_TOF_INFRAL,konstantni američki dolari,460.96452
2013,DC_TOF_INFRAL,konstantni američki dolari,461.29995999999994
2014,DC_TOF_INFRAL,konstantni američki dolari,410.04013
2015,DC_TOF_INFRAL,konstantni američki dolari,301.45485
2016,DC_TOF_INFRAL,konstantni američki dolari,327.17482
2017,DC_TOF_INFRAL,konstantni američki dolari,266.71705
2018,DC_TOF_INFRAL,konstantni američki dolari,266.46522999999996
