Year,SERIES,UNIT_MEASURE,Value
2000,NV_IND_TECH,Procenat,29.17
2001,NV_IND_TECH,Procenat,16.14
2002,NV_IND_TECH,Procenat,16.14
2003,NV_IND_TECH,Procenat,16.14
2004,NV_IND_TECH,Procenat,16.14
2005,NV_IND_TECH,Procenat,16.14
2006,NV_IND_TECH,Procenat,16.14
2007,NV_IND_TECH,Procenat,16.14
2008,NV_IND_TECH,Procenat,16.14
2009,NV_IND_TECH,Procenat,16.14
2010,NV_IND_TECH,Procenat,16.14
2011,NV_IND_TECH,Procenat,17.17
2012,NV_IND_TECH,Procenat,19.26
2013,NV_IND_TECH,Procenat,17.69
2014,NV_IND_TECH,Procenat,17.92
2015,NV_IND_TECH,Procenat,18.47
2016,NV_IND_TECH,Procenat,17.41
2017,NV_IND_TECH,Procenat,17.29
